{"cameraMode":{"drawMode":0,"name":"Shaded","section":"Shading Mode"},"sceneLighting":false,"audioPlay":false,"sceneViewState":{"m_AlwaysRefresh":false,"showFog":true,"showSkybox":false,"showFlares":true,"showImageEffects":true,"showParticleSystems":true,"showVisualEffectGraphs":true,"m_FxEnabled":true},"in2DMode":false,"pivot":{"x":-33.43000030517578,"y":25.126575469970704,"z":-98.83000183105469},"rotation":{"x":0.011189121752977372,"y":-0.9405293464660645,"z":0.33824247121810915,"w":0.031088916584849359},"size":0.8660253882408142,"orthographic":false}