{"cameraMode":{"drawMode":0,"name":"Shaded","section":"Shading Mode"},"sceneLighting":false,"audioPlay":false,"sceneViewState":{"m_AlwaysRefresh":false,"showFog":true,"showSkybox":false,"showFlares":true,"showImageEffects":true,"showParticleSystems":true,"showVisualEffectGraphs":true,"m_FxEnabled":true},"in2DMode":false,"pivot":{"x":0.08873458206653595,"y":-0.09304148703813553,"z":-0.05407777428627014},"rotation":{"x":0.028699848800897599,"y":0.9675203561782837,"z":-0.12876471877098084,"w":0.21564623713493348},"size":1.0071067810058594,"orthographic":false}